{
    "vertices": [1,-1,-1,1,-1,1,-1,-1,1,-1,-1,-1,1,1,-1,0.999999,1,1,-1,1,1,-1,1,-1],
    "uvs": [],
    "faces": [33,0,3,2,1,0,1,2,3,33,4,5,6,7,4,5,6,7,33,0,1,5,4,0,3,5,4,33,1,2,6,5,3,2,6,5,33,2,3,7,6,2,1,7,6,33,3,0,4,7,1,0,4,7],
    "name": "CubeGeometry.2",
    "metadata": {
        "generator": "io_three",
        "vertices": 8,
        "uvs": 0,
        "faces": 6,
        "type": "Geometry",
        "version": 3,
        "normals": 8
    },
    "normals": [-0.577349,0.577349,0.577349,0.577349,0.577349,0.577349,0.577349,0.577349,-0.577349,-0.577349,0.577349,-0.577349,-0.577349,-0.577349,0.577349,-0.577349,-0.577349,-0.577349,0.577349,-0.577349,-0.577349,0.577349,-0.577349,0.577349]
}